name,price,stars,reviews_count
"Amazon Basics - Matite colorate in confezione di latta da 72 pezzi, colori assortiti",16.04,0.9,703
"Castle Art Supplies Set di 72 Matite Colorate con Mine dallAnima Morbida per Artisti, Professionisti e Coloristi Adulti",32.78,0.94,21723
"Castle Art Supplies Set 120 Matite Colorate con Anima Morbida per Artisti, Professionisti e Coloristi Adulti, in Custodia Cernierata Facile Trasporto",53.27,0.94,11866
Castle Art Supplies Set di Matite Colorate in Tinta Pastello | 48 Colori in Tonalit Delicate e Sontuose | Cofanetto di Metallo,28.68,0.94,1360
"Jovi 73424 Matite Colorate Woodless, 24 Pezzi, Colori Assortiti (734/24), Taglia Unica",NOT FOUND,0.88,1378
BIC Tropicolors pastello colorato,2.92,0.86,958
Matita colorata - STABILO color - Astuccio da 24 - Colori assortiti,7.08,0.88,7620
"H & B 122 Matite Colorate, Matite Colorate Professionali,Ideale Per Artisti Bambini Adulti Colorare,disegnare",25.4,0.94,342
"KALOUR set di 72 matite colorate, con nucleo morbido, perfette per disegnare e per creare ombre, ideale come regalo per adulti e principianti, nonch per gli artisti.",13.93,0.92,2394
"KALOUR Set di 180 matite colorate per adulti e artisti,ricco pigmento a base di, a base di cera ideale per colorare disegni schizzi sfumature colori vivaci in astuccio di latta",32.78,0.94,1265
"KALOUR Matite colorate di alta qualit, set di 120 colori, con nucleo morbido e colori vivaci, ideali per disegnare schizzi, ombreggiature, matite colorate per adulti principianti",NOT FOUND,0.92,2228
"Shuttle Art 80 Matite Colorate Professionali (Numerato) Scatola Metallo, Libro da Colorare, 1 Blocco Disegno, 2 Temperini, 1 Estensore, Ideale per Artisti, Bambini, Adulti",20.48,0.92,2463
NOT FOUND,21.4,0.9,1829
"Faber-Castell 120124 - Set di matite colorate Castle, 24 pezzi, esagonali, infrangibili, per bambini e adulti",6.19,0.88,1564
"CARIOCA TITA, Matite Colorate, Set di Matite in Resina Esagonali, Pastelli per Bambini e Adulti, Ideali per Disegnare e Colorare, Scrittura Morbida, Colori Assortiti, 18 Pezzi",3.26,0.9,383
"Staedtler Matite colorate senza legno, multicolore, 12 Pezzi",2.66,0.92,7063
"Carioca Valigetta TITA | Matite Colorate e da Disegno, Scatola Portatile di Matite in Resina Esagonali con Mina Super Resistente alla Caduta, Colori Assortiti, 120 Pezzi",NOT FOUND,0.92,1331
Zenacolor 72 Matite Colorate (Numerato) con Scatola in Metallo 72 Colori Unici per Disegnare e Libri da Colorare - Facile Accesso con 3 Vassoi - Ideale per Artisti,NOT FOUND,0.92,9726
"Giotto Stilnovo Astuccio Da 24 Matite A Pastello Colorate, 3.3Mm, Multicolore, 24 Unit (Confezione da 1)",8.85,0.92,18658
"Set di 72 Matite Colorate, Set Matite da Disegno con Borsa Nera Con Cerniera Portatile per Adulti e Artisti che Fanno Schizzi, Ombreggiature",19.66,0.94,1594
"TOPSEAS Matite Colorate Set,Set da 50 Pezzi Pastelli Colorati,Ideali per Sfumare e Stratificare,Art Supplies per libri da colorare per adulti o per il materiale scolastico dei bambini",12.89,0.9,932
"VICHOS 48 Oleosecon Matite colorate Professionali, Pastelli Colorati con Astuccio Arrotolabile, Set Colori Soft Core Premium Colour per Bambini e AdultiCostellazione",15.89,1.0,1
"VICHOS 48 Oleosecon Matite colorate Professionali, Pastelli Colorati con Astuccio Arrotolabile, Set Colori Soft Core Premium Colour per Bambini e AdultiGattino",15.89,1.0,1
"KALOUR set di 72 matite colorate, con nucleo morbido, perfette per disegnare e per creare ombre, ideale come regalo per adulti e principianti, nonch per gli artisti.",13.93,0.92,2394
"H & B 122 Matite Colorate, Matite Colorate Professionali,Ideale Per Artisti Bambini Adulti Colorare,disegnare",25.4,0.94,342
"JOYBOY Matite colorate professionali, 72 matite colorate acquerellabili, con gomma, 2 prolunghe di matita, temperino e astuccio in tela pieghevole, ideale per bambini, adulti",15.89,0.9,197
"72 Matite Colorate, Soft Core di Qualit, Colori Intensamente Pigmentati, Matite Colorate Professionali Art Supplies per Artisti Professionisti e Coloristi Adulti",13.93,0.94,78
"HIFORNY Set di 75 matite colorate per adulti, 72 colori con extra, nucleo morbido per artisti, colori vivaci, matite da disegno, forniture artistiche per adulti, principianti e bambini",12.44,0.9,518
"STAEDTLER set da 12 matite colorate Noris Colour, tonalit differenti e mine resistenti in WOPEX, pi matita Noris HB e gomma Mars Plastic, 61 SET6",3.08,0.92,4834
"Amazon Basics - Matite colorate in confezione di latta da 72 pezzi, colori assortiti",16.04,0.9,703
"Lyuvie 100 Matite Colorate,Set Matite Colorate Professionali con Astuccio Nero Portatile e Libro da Colorare,Matite Colorate Bambini per Schizzi, Disegni e Ombreggiature",17.01,0.9,170
"Castle Art Supplies Set 72 Matite | Mine Colorate con Anima Morbida per Artisti, Professionisti e Coloristi Adulti | In Resistente Custodia Cernierata Facile Trasporto",24.58,0.94,9767
"Zenacolor - 160 Matite Colorate Professionali, con Scatola - Pastelli Colorati Set di 160 Colori Unici - Disegno, Schizzo, Colorazione - Per Adulti o Bambini",NOT FOUND,0.94,7005
"Efimeso 100 Matite Colorate, Matite Colorate Professionali con Custodia con Cerniera nera,Matite Colorate per Adulti,Bambini, Artisti,Disegni, Schizzi e Colori",19.66,0.92,437
"TWIDDLERS - 180 Matite Colorate (30 Confezioni da 6) - Cilindro rotondo di facile presa (8,7 cm di lunghezza) - Ideale per Borse Party, Feste di Compleanno per Bambini e Aule Scolastiche",13.93,0.92,144
"KALOUR set di 72 matite colorate, con nucleo morbido, perfette per disegnare e per creare ombre, ideale come regalo per adulti e principianti, nonch per gli artisti.",13.93,0.92,2394
"Amazon Aware Certificazione FSC Matite colorate, pre-temperate, Confezione da 12",2.77,0.9,638
120 Matite Colorate Acquerellabili Professionali per Adulti e Bambini con Nucleo Colorato Di Alta Qualit con Colori Vivaci per Creare Bellissimi Effetti,22.41,0.94,2384
Castle Art Supplies Set di 120 Matite Colorate di Qualit Oro | Anime a Base dOlio Pi Appuntite e Resistenti alla Rottura | Per Artisti Adulti e Coloristi | In un Cofanetto di Metallo,45.89,0.92,1039
"Castle Art Supplies Set 72 Matite | Mine Colorate con Anima Morbida per Artisti, Professionisti e Coloristi Adulti | In Resistente Custodia Cernierata Facile Trasporto",24.58,0.94,9767
"matite arcobaleno, 4 colori in 1 matite colorate arcobaleno per forniture d'arte per bambini, matite multicolore per schizzi, regali per gli studenti (38)",11.99,NOT FOUND,NOT FOUND
Castle Art Supplies Set di 48 Matite Colorate dalle Tinte Pastello con Extra | Colori in Tonalit Delicate e Sontuose | Per Professionisti e Artisti Adulti | In Solida Custodia Cernierata da Viaggio,36.88,0.92,634
Faber-Castell 111260 Set Pastelli,17.95,0.94,15360
"Bic Kids Matite Colorate, Colori Per Bambini A Casa E A Scuola, Multicolore, 24 Unit (Confezione da 1)",7.95,0.9,12260
"Zenacolor - 72 Matite Colorate Professionali, con Custodia - Pastelli Colorati Set di 72 Colori Unici - Disegno, Schizzo, Colorazione - Per Adulti o Bambini",NOT FOUND,0.92,1916
"Ugmic matite colorate per adulti, colori professionali per la miscelazione di pittura e schizzi, in legno di cera morbide, perfette per studenti e bambini",17.99,0.92,232
Matita colorata triangolare - STABILO Trio thick - Astuccio da 24 + temperino - Colori assortiti,NOT FOUND,0.94,11734
"JOYBOY Matite Colorate,50 Set di Matite Colorate Professionali da Disegno,Con 2 Estensori per matita e 1 gomma,per Schizzi per Artisti Professionisti e Principianti",12.89,0.9,174
"Svalor Set di 20 matite colorate con 6 matite colorate, 120 mini matite colorate colorate colorate in scatola di cartone, matite colorate per bambini, disegno artistico, schizzi e colorazione",13.93,0.86,27
"Faber-Castell 205068 - Set di matite colorate metallizzate e pastello, 20 pezzi, infrangibili, per bambini e adulti",6.37,0.94,55
"STAEDTLER matite colorate Noris Colour, confezione da 24 colori con tonalit differenti e mine resistenti in WOPEX, 185 CD24",6.81,0.94,144
"Forhome Matite colorate arcobaleno 12 colori, matite colorate Jumbo per bambini, matite colorate, set di matite di legno per schizzi, disegni, colorazioni",11.99,0.9,13
"Bic Kids Matite Colorate, Evolution Ecolutions, Ottime Per La Scuola, Matite Triangolari Per Bambini, Colori Assortiti, 18 Unit, Confezione Da 2",13.61,0.92,3504
"PRIMO - Matite Colorate Bambini +3 Anni con Mina 2.9 mm, 216 Pezzi in 12 Colori a Matita Sfumabili dal Colore Pieno, Colori per Bambini Colorare, Lavoretti Creativi e Hobby, Set Matite per Cartoleria",30.04,0.9,393
"TSASWEET 48 Matite Colorate Arcobaleno 4 in 1 Matite Multicolori Matite in Legno Colorate Arcobaleno per Arte, Disegno, Colorazione, Schizzi (Rosse, Blu, Verdi, Gialle)",NOT FOUND,0.86,18
"Shuttle Art 80 Matite Colorate Professionali (Numerato) Scatola Metallo, Libro da Colorare, 1 Blocco Disegno, 2 Temperini, 1 Estensore, Ideale per Artisti, Bambini, Adulti",20.48,0.92,2463
"Zenacolor 120 Matite Colorate (Numerate) Facili da Riporre - Scatola in Metallo di Colori a Matita Professionali per Adulti - Ideali per Colorare, Mandala, Disegnare, Astuccio Cancelleria",NOT FOUND,0.92,9032
"Castle Art Supplies Set di 120 Matite Colorate per Artisti, Professionisti e Coloristi Adulti | Cofanetto di Presentazione in Metallo",36.06,0.94,18883
"GIOTTO Turbo Color - Astuccio da 36 Pennarelli a Punta Fine, 2.8mm, Colori Intensi",NOT FOUND,0.94,14685
"Faber-Castell 116424 - Matite colorate Blackwood, Black Edition, astuccio da 24 pezzi",12.45,0.92,5576
"Eberhard Faber 514906 - Matite colorate corte Colori, forma esagonale, in 6 colori, in astuccio di cartone, per dipingere, illustrare e disegnare",1.06,0.82,140
"TongFu Set 72 Matite Colorate, Colori Matite da Disegno Colorate Oleose con Anima Morbida per Adulti, Bambini, Matite Colorate Professionali con Borsa Portatile per Dipingere, Disegnare, Colorare",16.69,0.92,128
"Pelikan Silverino, Matite Colorate con Fusto Triangolare e Impugnatura Ergonomica per Bambini, Pastelli dai Colori Intensi e Lavabili, Astuccio da 24 Colori",9.07,0.9,8358
"TVGO Set da 72 Matite Colorate Acquerellabili da Disegno, Comodo astuccio con zip per raggruppare e proteggere le tue matite colorateIdeali per la Scuola, per Adulti e Bambini",26.99,0.94,4107
Partituki 25 Scatole da 6 Mini Matite Colorate. Non Tossico. Scatole Lisce in Modo da Poterle Personalizzare a Proprio Piacimento,15.57,0.94,1156
"KALOUR Set di 180 matite colorate per adulti e artisti,ricco pigmento a base di, a base di cera ideale per colorare disegni schizzi sfumature colori vivaci in astuccio di latta",32.78,0.94,1265
NOT FOUND,17.99,0.92,232
"Castle Art Supplies Set 120 Matite Colorate con Anima Morbida per Artisti, Professionisti e Coloristi Adulti, in Custodia Cernierata Facile Trasporto",53.27,0.94,11866
"Castle Arts, set di 24 matite colorate, colori perfetti per 'Seascape'. Set di matite da disegno, schizzi, matite da disegno...",17.2,0.92,6716
"H & B 122 Matite Colorate, Matite Colorate Professionali,Ideale Per Artisti Bambini Adulti Colorare,disegnare",25.4,0.94,342
Castle Art Supplies Set di Matite Colorate in Tinta Pastello | 48 Colori in Tonalit Delicate e Sontuose | Cofanetto di Metallo,28.68,0.94,1360
Partituki 25 Scatole da 6 Mini Matite Colorate. Non Tossico. Scatole Lisce in Modo da Poterle Personalizzare a Proprio Piacimento,15.57,0.94,1156
"KALOUR PDAS Set di 126 matite colorate, 120 matite colorate per adulti, principianti e bambini, nucleo morbido di alta qualit, borsa con cerniera, libro da colorare",28.68,0.94,74
"Fzyisw 24 Pezzi Set Matite Colorate 12 Matite Colorate Arcobaleno e 12 Gomme Arcobaleno, Matite Arcobaleno per Bambini, Matita Multicolore, Matita Arcobaleno, Matite Colorate Bambini per Disegno",8.19,0.82,19
"H & B 122 Matite Colorate, Matite Colorate Professionali,Ideale Per Artisti Bambini Adulti Colorare,disegnare",25.4,0.94,342
"KALOUR set di 72 matite colorate, con nucleo morbido, perfette per disegnare e per creare ombre, ideale come regalo per adulti e principianti, nonch per gli artisti.",13.93,0.92,2394
"KALOUR Matite colorate professionali, set di 240 colori, con nucleo morbido e colori vivaci, ideali per disegnare schizzi, ombreggiature, matite colorate per adulti, artisti principianti",44.25,0.94,1500
"KALOUR Matite colorate di alta qualit, set di 120 colori, con nucleo morbido e colori vivaci, ideali per disegnare schizzi, ombreggiature, matite colorate per adulti principianti",NOT FOUND,0.92,2228
"Tongfushop 120 Matite Colorate, Colori a Matita Ricche Luminose e Vibranti, Non si Spezza Facilmente, Sicure e Impermeabili, Pastelli Colorati con Temperino e Gomma per il Disegno la Colorazione",27.61,0.92,266
"CARIOCA TITA, Matite Colorate, Set di Matite in Resina Esagonali, Pastelli per Bambini e Adulti, Ideali per Disegnare e Colorare, Scrittura Morbida, Colori Assortiti, 12 Pezzi",4.75,0.9,537
"Faber-Castell 110336 - Set di pastelli Classic Colour, 41 pezzi, incluso temperino e matita, per bambini e adulti",9.74,0.9,450
"GIOTTO Stilnovo & Turbo Color - Box Da 50 Matite A Pastello E Pennarelli A Punta Fine + 40 Pennarelli, 2.8-3.3 mm, Colori Assortiti",23.77,0.96,2948
Staedtler matite colorate,10.64,0.9,863
GIOTTO Colors 3.0 Astuccio di 12 matite colorate,5.45,0.88,410
"Faber-Castell 112412 Matita Colorata, 12 Pezzi",10.29,0.92,8727
"KALOUR Matite colorate professionali, set di 240 colori, con nucleo morbido e colori vivaci, ideali per disegnare schizzi, ombreggiature, matite colorate per adulti, artisti principianti",44.25,0.94,1500
"SG istruzione CD 1285 - 730 Caran d' Ache Swisscolor - Matita (confezione da 30), multicolore",29.66,0.94,848
"Set di 25 scatoline con 6 matite colorate ciascuna, Piccolo regalo per i bambini contro la noia, Regalino di compleanno, Festa per bambini, Set di matite colorate",19.95,0.9,206
"KALOUR set di 72 matite colorate, con nucleo morbido, perfette per disegnare e per creare ombre, ideale come regalo per adulti e principianti, nonch per gli artisti.",13.93,0.92,2394
Castle Art Supplies Set di 48 Matite Colorate dalle Tinte Pastello con Extra | Colori in Tonalit Delicate e Sontuose | Per Professionisti e Artisti Adulti | In Solida Custodia Cernierata da Viaggio,36.88,0.92,634
Castle Art Supplies Set di 120 Matite Colorate di Qualit Oro | Anime a Base dOlio Pi Appuntite e Resistenti alla Rottura | Per Artisti Adulti e Coloristi | In un Cofanetto di Metallo,45.89,0.92,1039
"Professionali Colorate Matita Set e kit per disegnare,120 Matite Colorate in astuccio con zip per raggruppare e proteggere le tue matite colorate-120 Colori Unici per Disegnare",29.99,0.92,745
"Faber-Castell 112435 - Matite colorate Colour Grip 2001, 36 astuccio in metallo",25.53,0.92,2324
"136 Matite Colorate Professionali,Shuttle Art SoftCore Set Con Grafico Nomi Colori, Ideale Per Artisti Bambini Adulti",22.12,0.9,9187
"Giotto Stilnovo Maxi, Matite Colorate Spesse, Barattolo in Bio Plastica, Formato Triangolare, Mina da 4,3mm, Colori Assortiti, 48 Pezzi",21.79,0.94,34
"QUER Matite Colorate per Adulti e Bambini, 72 Colori da Disegno Oleose con Kit Borsa Portatile, Professionali per Artista e Principianti",21.99,0.94,447
"WGOT Matite da disegno, 72 matite da schizzo e matite colorate, per colorare e disegnare, ideali per artisti, adulti e bambini",20.08,0.94,1604
Tinta Unita Skyline Astuccio Maxi 110 Colori,62.9,0.92,14
"migliori kit da disegno,72 matite Colorate in astuccio portapenne grande capacit- Pastelli Professionali Adulti e Bambini",20.48,0.92,5733
Giotto Stilnovo 516500 Set Matite Colorate 84 Assortiti,23.26,0.88,595
"STAEDTLER 175 M72, Matite colorate esagonali in scatola di metallo, Colori Assortiti, 72 Pezzi",18.45,0.92,3261
"WGOT Matite Colorate Professionali da Disegno, 96 Matite Acquerellabili e Matite di Disegno Artistico, Creativa Colori Art Set Fornire a Artista, Adulti e Principianti",28.99,0.94,1103
"Castle Art Supplies Set di 72 Matite Colorate con Mine dallAnima Morbida per Artisti, Professionisti e Coloristi Adulti",32.78,0.94,21723
"KALOUR Pro Matite Colorate, Set di 520 Colori, Nucleo Morbido per Artisti con Colori Vibranti, Ideali per Disegnare, Schizzare, Ombreggiare, Matite Colorate per Adulti, Artisti, Principianti.",111.47,0.96,152
"VICHOS 48 Oleosecon Matite colorate Professionali, Pastelli Colorati con Astuccio Arrotolabile, Set Colori Soft Core Premium Colour per Bambini e AdultiGattino",15.89,1.0,1
"Castle Art Supplies Set di 72 Matite Colorate con Mine dallAnima Morbida per Artisti, Professionisti e Coloristi Adulti",32.78,0.94,21723
"Bic Kids Matite Colorate, Evolution Ecolutions, Ottime Per La Scuola, Matite Triangolari Per Bambini, Colori Assortiti, 18 Unit, Confezione Da 2",13.61,0.92,3504
"Castle Art Supplies Set 72 Matite Acquerellabili | Pigmenti Vibranti per Mescolanze, Disegni e Dipinti | Per Professionisti e Hobbisti Adulti",35.24,0.94,8199
"Zenacolor 72 Matite acquerellabili Pennello e Astuccio per Disegno in Metallo Scatola di Matite Colorate - Solubili, Unici e Vari, colori per adulti e bambini",NOT FOUND,0.92,11314
"Seven Astuccio Scuola 3 Zip, Nero Fucsia, Iridescent, Portapenne Triplo Scomparto Accessoriato Con Penne, Matite e Colori, Accessori Scuola, Accessori Zaino, Scuola & Tempo libero, Bambina Ragazza",26.58,0.92,625
"Pinturale Arts Set Matite Colorate Professionali |18 Colori A Matita | Base di Olio per Colori Intensi e Cremosi | Per Artisti e Illustratori | Elegante Astuccio | Set Pastelli, Colori Per Mandala",6.55,0.92,107
Matita colorata triangolare - STABILO Trio thick - Astuccio da 18 - Colori assortiti,9.44,0.94,5017
"WGOT Matite Colorate Professionali per Adulti e Bambini, Set da 72, Matite da Disegno Colorate Oleose con Kit Borsa Portatile per raggruppare e proteggere le tue matite colorate",19.99,0.94,423
"Matite Colorate Acquerellabili, Set da 72 Pezzi Pastelli Colorati per Sfumare e Stratificare, Ideali per Libri da Colorare per Adulti o per il Materiale Scolastico dei Bambini",24.99,0.92,896
"ZZONEART Matite Colorate Professionali, Set da 96 pezzi di matite da disegno e per schizzi in un astuccio con zip, Kit Arte per Schizzo e Disegno con per Principianti Bambini Adulti",25.99,0.94,1930
Matita colorata acquarellabile - STABILOaquacolor - ARTY - Astuccio da 36 - Colori assortiti,19.93,0.92,784
"rokrist 36 Set Matite da Disegno Professionali con Pennello in Scatola Matite Acquerellabili per Sfumatura, Stratificazione e Pittura ad Acquerello, Matite Acquarellabili Professionali",14.99,0.92,468
TinyGeeks Matite Colorate Jumbo - NUOVO 2024 Matite Colorate per Bambini e Matita Arcobaleno Extra + Temperamatite + Perfetto per i giovani scolari + Raccomandato dagli Insegnanti.,5.71,0.9,372
"Bic 8297356 Kids Evolution Triangle Pastelli, 10.2 mm, Confezione da 12",4.56,0.94,10678
"Faber-Castell 120148 - Set di matite colorate Castle, 48 pezzi, esagonali, infrangibili, per bambini e adulti",13.36,0.9,2758
"GIOTTO Supermina - Scatola Di Metallo Da 24 Matite A Pastello Colorate, 3.8 mm, Colori Intensi",19.06,0.94,1767
"Seven Set Matite Colorate - Scatola da 18 pz - Confezione Pastelli Scuola, Ufficio - MINA 4.0 - Spazio Etichetta Nome",7.79,0.86,48
Subito disponibile Stock 30 Pezzi Piccolo Astuccio Set Colori con 6 matite pastelli Colori | 30 Gadget per Feste Party Bambini Compleanno ricordino,24.9,0.88,76
"Carioca TITA, Matite Colorate, Matite in Resina Esagonali, Pastelli per Bambini e Adulti, Ideali per Disegnare e Colorare, Scrittura Morbida, Colori Assortiti, 36 Pezzi",7.95,0.92,687
"GIOTTO Supermina - Astuccio da 24 Matite a Pastello Colorate, 3.8mm",13.32,0.94,3516
Carioca Matite Cancellabili TITA - 24 Pz,8.67,0.92,559
"AFASOES 30 Pz Matita dell'Umore Cambia Colore Matita di Colore Cambiacolore Matita in Colore Variante con Gomma Cambia Colore in Base all'Umore, Termocroma per Bambini e Adulti per Scrivere",9.01,0.74,125
Matita colorata Ergonomica - STABILO EASYcolors - per Destrimani - Astuccio da 12 - Colori assortiti,14.62,0.94,6767
Matita colorata acquarellabile - STABILOaquacolor - Astuccio da 36 Grey Design - Colori assortiti,14.87,0.92,2022
Matite TITA - 50 Pz,10.26,0.92,813
"Bikasun 40 matite arcobaleno per bambini, matite colorate 4 in 1, matite colorate per bambini e adulti, matite multicolori per arte, disegno, colorazione, schizzi",8.76,0.86,22
"Shuttle Art 80 Matite Colorate Professionali (Numerato) Scatola Metallo, Libro da Colorare, 1 Blocco Disegno, 2 Temperini, 1 Estensore, Ideale per Artisti, Bambini, Adulti",20.48,0.92,2463
NOT FOUND,17.99,0.92,232
"Castle Art Supplies Set 120 Matite Colorate con Anima Morbida per Artisti, Professionisti e Coloristi Adulti, in Custodia Cernierata Facile Trasporto",53.27,0.94,11866
"Castle Arts, set di 24 matite colorate, colori perfetti per 'Seascape'. Set di matite da disegno, schizzi, matite da disegno...",17.2,0.92,6716
"VICHOS 48 Oleosecon Matite colorate Professionali, Pastelli Colorati con Astuccio Arrotolabile, Set Colori Soft Core Premium Colour per Bambini e AdultiGattino",15.89,1.0,1
"H & B 122 Matite Colorate, Matite Colorate Professionali,Ideale Per Artisti Bambini Adulti Colorare,disegnare",25.4,0.94,342
"Seven Set Matite Colorate - Scatola da 18 pz - Confezione Pastelli Scuola, Ufficio - MINA 4.0 - Spazio Etichetta Nome",7.79,0.86,48
"Staedtler Noris 185 CD36 Matite Ecologiche, Scatola da 36 Matite Colorate Assortite",NOT FOUND,0.92,4558
"STAEDTLER pastelli colorati Noris Aquarell, confezione da 36 colori a matita acquerellabili, mine resistenti, pennello incluso, 144 10ND36",13.58,0.94,1970
"H & B 122 Matite Colorate, Matite Colorate Professionali,Ideale Per Artisti Bambini Adulti Colorare,disegnare",25.4,0.94,342
"KALOUR set di 72 matite colorate, con nucleo morbido, perfette per disegnare e per creare ombre, ideale come regalo per adulti e principianti, nonch per gli artisti.",13.93,0.92,2394
"KALOUR Matite colorate professionali, set di 240 colori, con nucleo morbido e colori vivaci, ideali per disegnare schizzi, ombreggiature, matite colorate per adulti, artisti principianti",44.25,0.94,1500
"KALOUR Matite colorate di alta qualit, set di 120 colori, con nucleo morbido e colori vivaci, ideali per disegnare schizzi, ombreggiature, matite colorate per adulti principianti",NOT FOUND,0.92,2228
"Tongfushop 120 Matite Colorate, Colori a Matita Ricche Luminose e Vibranti, Non si Spezza Facilmente, Sicure e Impermeabili, Pastelli Colorati con Temperino e Gomma per il Disegno la Colorazione",27.61,0.92,266
"Auney Regalo Bambina 4 5 6 7 8 9 10 Anni,Unicorno Set Cancelleria,Kit Cartoleria Kawaii include Astuccio Portapenne - Pennarelli Profumati - Pastelli - Penna Neutra - Colorate - Matite",NOT FOUND,0.9,222
"Castle Arts, set di 24 matite colorate Ispirato da Monet... Colorazione perfetta, schizzi, set matite da disegno",17.2,0.92,6716
"Legami - Set di 12 Matite Colorate, Mina Morbida e Resistente, Ottima Temperabilit, Custodia Inclusa, 0.6 x 15.2 cm, Sunset Palette",7.93,0.96,21
Carioca Matite Cancellabili TITA - 24 Pz,8.67,0.92,559
Faber-Castell - Matite colorate Set di 12 colori speciali. 12er Sonderfarben Colorato.,9.74,0.88,811
"BIC Pink & Purple, Set Con Astuccio, 2 Penne A Sfera, 1 Penna Gel Cancellabile, 1 Pennarello Punta Fine, 2 Matite Grafite, 3 Pennarelli Indelebili, Kit Scrittura, 10 Unit, Multicolore, Idea Regalo",15.9,0.94,4538
"AYVANBER Astuccio grande 304 slots colorato in gel o 300 colori, astuccio per matite in gel per studenti, fogliame, Valigetta",25.59,0.96,146
"LATERN 60 Pezzi Matite per L'umore che Cambiano Colore, 19CM Matite che Cambiano Colore Attivate dal Calore Matite Termocromatiche Colorate HB con Gomma per Natale Compleanno Festa Favori (5 Colori)",13.93,0.8,2
"SJ Gang Astuccio Scuola 3 Zip, Rosa, Cuccioli Da SJ, Triplo Scomparto Completo Di Penne, Matite e Colori, Accessori Zaino, Scuola Elementare & Tempo libero, Bambina",26.5,0.94,418
"KALOUR set di 72 matite colorate, con nucleo morbido, perfette per disegnare e per creare ombre, ideale come regalo per adulti e principianti, nonch per gli artisti.",13.93,0.92,2394
"matite arcobaleno, 4 colori in 1 matite colorate arcobaleno per forniture d'arte per bambini, matite multicolore per schizzi, regali per gli studenti (38)",11.99,NOT FOUND,NOT FOUND
"12 Pezzi Matite Arcobaleno, Matite colorate arcobaleno 7 Colori, Matita Multicolore, Matite Arcobaleno in Legno Nero, Rainbow Pencil per Disegni Artistici Colorazione Schizzi 7 in 1",9.99,NOT FOUND,NOT FOUND
"JAKAGO Astuccio per Matite da Disegno,Astucci di Grande Capacit per Contenere 304 Matite Colorate,Borsa per Cancelleria Impermeabile per Pittura Portatile,Ottimo Regalo per Studenti Artisti",NOT FOUND,0.92,350
"Bikasun 40 matite arcobaleno per bambini, matite colorate 4 in 1, matite colorate per bambini e adulti, matite multicolori per arte, disegno, colorazione, schizzi",8.76,0.86,22
"SJ GANG STYLE JAM GANG Fantasia Da Sj School & Leisure Time, Taglia Unica",24.17,0.94,209
"GIOTTO Di Natura - Astuccio Da 24 Matite A Pastello Colorate, 3.8 mm, Colori Intensi",10.16,0.94,1464
"JAKAGO Astuccio per matite da disegno,astucci di grande capacit per contenere 220 matite colorate,borsa per cancelleria impermeabile per pittura portatile,ottimo regalo per studenti artisti (Green)",NOT FOUND,0.92,2375
"SJ Gang Astuccio 3 Scomparti SJ Gang, Facce Da Sj, Rosa, Completo Di Penne, Matite Colorate, Pennarelli",NOT FOUND,0.94,210
"BTSKY Custodia in pelle PU per 200 matite colorate, molto capiente, multistrato, per studenti, organizer per cancelleria (senza matite), Nero , moderno",NOT FOUND,0.92,352
Partituki 30 Scatole da 6 Mini Matite Colorate. Non Tossico. Scatole Kraft Lisce. Include 1 Taccuino Singolo,19.61,0.9,120
Pentel CB9 Matite colorate acqerellabili 24 pezzi,10.45,0.94,3013
"nsxsu Matite arcobaleno in 8 colori, matite colorate jumbo per adulti e bambini, matite multicolori per disegni artistici, colorazione, schizzi",11.47,0.92,4403
"Carioca BI-COLOR |43031 - Matite in Legno Triangolari, Doppio Colore, 24 pezzi",6.88,0.92,357
"Giotto Set 6 Matite Colori Classici Trucchi per Bambini (FILA, 474000)",14.03,0.86,107
"Idena 20133-Pastelli in 12 Colori, matite Colorate Senza Legno in Forma ergonomica Triangolare, confezionate in Scatola di Cartone, 20133",1.76,0.9,62
Castle Art Supplies Set di 120 Matite Colorate di Qualit Oro | Anime a Base dOlio Pi Appuntite e Resistenti alla Rottura | Per Artisti Adulti e Coloristi | In un Cofanetto di Metallo,45.89,0.92,1039
Castle Art Supplies Set di Matite Colorate in Tinta Pastello | 48 Colori in Tonalit Delicate e Sontuose | Cofanetto di Metallo,28.68,0.94,1360
"KALOUR PDAS Set di 24 matite colorate a carboncino, matite a gesso pastello di alta qualit, color pelle, per disegni, ombreggiature, colorazione, crayons pastel  la craie",16.39,0.86,77
"72 matite colorate per libri da colorare per adulti,Ideali per Artisti, Adulti,colori a base di olio, in custodia da viaggio,colori assortiti",20.99,0.92,307
Matita colorata acquarellabile - STABILOaquacolor - ARTY - Astuccio da 24 - Colori assortiti,10.02,0.88,579
"Minecraft Astuccio scolastico  Astuccio con scomparti riempito con forniture scolastiche per bambini, bambini, ragazzi, accessori ufficiali Gamer",19.99,0.86,2568
"Faber-Castell 116414 - Matite colorate tonalit pelle Black Edition, scatola di cartone da 12 pezzi, infrangibile, triangolare, tonalit pelle",11.97,0.92,333
"MAPED Couleur Oops Color'Peps-24 - Astuccio triangolare ergonomico con punta in gomma, 24 matite cancellabili in resina, colorate, 832812",7.69,0.92,676
BOMKEE Caso Matita Colorata con 220 Slots Portatile Handy Gel Penne Organizzatore Impermeabile Multistrato Matita Colore Titolare per Bambini e Adulti,22.11,0.92,1399
"Pelikan Matite Colorate Cancellabili con Gommino sul Fusto, Colori Intensi e Lavabili, Legno Certificato FSC, Ideali per la Scuola, per Bambini e Adulti, Astuccio 12 Matite Colori Assortiti",4.88,0.88,1081
"Koilox Set di 48 splendide matite colorate cancellabili a base di olio, matite colorate professionali per bambini, adulti, principianti e artisti, forniture artistiche per disegno, schizzi, libri da",9.01,0.92,220
Matita colorata triangolare - STABILO Trio thick - Confezione da 12 - Rosso,10.22,0.92,2954
"Carioca Pastel |43034 - Matite in Legno, Colori Pastello Assortiti, 12 Pezzi",4.54,0.88,75
"CARIOCA Baby Crayons 3in1, Pastelloni Colorati Super Lavabili per Bambini 3 in 1, Matite Colorate e Pastelli a Cera Acquerellabili, Colori Assortiti, 6 Pezzi",10.98,0.9,718
"Staedtler 185-23 Matita Colorata, 12 Pezzi",3.78,0.86,115
"Seven Set Matite Colorate - Scatola da 24 pz - Confezione Pastelli Scuola, Ufficio - MINA 4.0 - Spazio Etichetta Nome",9.43,0.86,50
"Nicoone Astuccio da 150 scomparti per matite di grande capacit, pratico portapenne in pelle PU per matite colorate Prismacolor, penne ad acquerello, pennello cosmetico, Marrone, moda",23.98,0.74,4
Tinta Unita Hello Kitty Borsellino Rotolo con 24 Pastelli + mini astuccio Azzurro,NOT FOUND,0.9,2
Caso Di Matita Di Grande Capacit - 96 Slots Oxford Matite Astuccio Matite Colorate Organizzatore Sacchetto Porta Penne Borsa by YOUSHARES (Matite non Inclusi)04,21.06,0.92,258
"Becho - Astuccio multifunzione in morbida pelle con cerniera multistrato, con scomparto per penne e matite, 184 scomparti, colore: verde",18.84,0.84,91
"Astuccio arrotolabile in tela con 108 scomparti, per matite colorate, per studenti artisti, studenti, matite non incluse, Nero , Classico",21.99,0.92,23
"SANON Astuccio per matite colorate a 4 strati, 72 scomparti, con cerniera, Nero , moda",19.94,0.74,5
"Harry Potter, astuccio a 3 ripiani, grande, con scomparti multicompartimenti, articoli per la scuola, cancelleria, matite colorate",17.3,0.92,10
WINSHEA 120 Slots Oxford Matite Astuccio Scuola Borsa Matita Case Penne Holder Super Grande Capacit Matite Colorate Organizzatore,17.5,0.9,621
"GIOTTO BEBE' - Barattolo Da 10 Matitoni, 7 mm, Colori Vivaci",NOT FOUND,0.94,1741
Matita bicolore - STABILO bicolor - rosso/blu - Confezione da 12,7.66,0.84,2219
"BIC Kids Evolution - Matite colorate cancellabili, confezione da 24",10.86,0.92,260
"KALOUR Set di 180 matite colorate per adulti e artisti,ricco pigmento a base di, a base di cera ideale per colorare disegni schizzi sfumature colori vivaci in astuccio di latta",32.78,0.94,1265
NOT FOUND,17.99,0.92,232
"Castle Arts, set di 24 matite colorate, colori perfetti per 'Seascape'. Set di matite da disegno, schizzi, matite da disegno...",17.2,0.92,6716
"Castle Art Supplies Set 120 Matite Colorate con Anima Morbida per Artisti, Professionisti e Coloristi Adulti, in Custodia Cernierata Facile Trasporto",53.27,0.94,11866
"H & B 122 Matite Colorate, Matite Colorate Professionali,Ideale Per Artisti Bambini Adulti Colorare,disegnare",25.4,0.94,342
Castle Art Supplies Set di Matite Colorate in Tinta Pastello | 48 Colori in Tonalit Delicate e Sontuose | Cofanetto di Metallo,28.68,0.94,1360
"Caran d'Ache Swisscolor 7630002343329 - Astuccio in cartone con 18 matite colorate impermeabili, multicolore",11.07,0.9,75
Matita colorata triangolare - STABILO Trio thick - Confezione da 12 - Rosso,10.22,0.92,2954
"Seven Set Matite Colorate - Scatola da 24 pz - Confezione Pastelli Scuola, Ufficio - MINA 4.0 - Spazio Etichetta Nome",9.43,0.86,50
"H & B 122 Matite Colorate, Matite Colorate Professionali,Ideale Per Artisti Bambini Adulti Colorare,disegnare",25.4,0.94,342
"KALOUR Set di 180 matite colorate per adulti e artisti,ricco pigmento a base di, a base di cera ideale per colorare disegni schizzi sfumature colori vivaci in astuccio di latta",32.78,0.94,1265
"KALOUR set di 72 matite colorate, con nucleo morbido, perfette per disegnare e per creare ombre, ideale come regalo per adulti e principianti, nonch per gli artisti.",13.93,0.92,2394
"KALOUR Matite colorate di alta qualit, set di 120 colori, con nucleo morbido e colori vivaci, ideali per disegnare schizzi, ombreggiature, matite colorate per adulti principianti",NOT FOUND,0.92,2228
"KALOUR Matite colorate professionali, set di 240 colori, con nucleo morbido e colori vivaci, ideali per disegnare schizzi, ombreggiature, matite colorate per adulti, artisti principianti",44.25,0.94,1500
"Pelikan Silverino, Matite Colorate con Fusto Triangolare e Impugnatura Ergonomica per Bambini, Pastelli dai Colori Intensi e Lavabili, Astuccio da 12 Colori",3.86,0.88,934
"PRIMO - Matite Colorate Bambini +3 Anni e Artisti con Mina 2.9 mm, 24 Colori a Matita Sfumabili dal Colore Pieno, Colori per Bambini Colorare, Lavoretti Creativi e Hobby, Set Matite per Cartoleria",4.42,0.86,3
"Collistar Professionale Matita Occhi, Texture Morbida, Facile da Sfumare, Lunga Durata, Waterproof, 24H, con Applicatore, 1.2 ml",12.93,0.82,25
"Faber-Castell Polychromos - 6 matite colorate, colore: nero",12.82,0.96,131
"Set di matite colorate 4 in 1 arcobaleno, matite colorate, matite magiche per disegnare, colorare e fare schizzi, (30 pezzi).",6.8,0.76,215
Matita bicolore - STABILO bicolor - rosso/blu - Confezione da 12,7.66,0.84,2219
"GIOTTO BEBE' - Barattolo Da 10 Matitoni, 7 mm, Colori Vivaci",NOT FOUND,0.94,1741
"PRIMO - Matite Colorate Bambini +3 Anni e Artisti Mina 3.8 mm, 24 Colori a Matita Professionali Sfumabili e dal Colore Pieno, Colori per Bambini per Colorare Lavoretti Creativi, Set Matite Cartoleria",7.68,0.86,175
"AMGOMH Astuccio Matite 72 Slot Ampia Capacit Porta Penne Tasca Custodia Organizzatore Borsa Cancelleria per Teenager, Studenti e Artisti",14.75,0.9,5264
"KALOUR set di 72 matite colorate, con nucleo morbido, perfette per disegnare e per creare ombre, ideale come regalo per adulti e principianti, nonch per gli artisti.",13.93,0.92,2394
Castle Art Supplies Set di 48 Matite Colorate dalle Tinte Pastello con Extra | Colori in Tonalit Delicate e Sontuose | Per Professionisti e Artisti Adulti | In Solida Custodia Cernierata da Viaggio,36.88,0.92,634
"Bic Kids Matite Colorate, Colori Per Bambini A Casa E A Scuola, Multicolore, 24 Unit (Confezione da 1)",7.95,0.9,12260
"Becho - Astuccio multifunzione in morbida pelle con cerniera multistrato, con scomparto per penne e matite, 184 scomparti, colore: verde",18.84,0.84,91
WINSHEA 120 Slots Oxford Matite Astuccio Scuola Borsa Matita Case Penne Holder Super Grande Capacit Matite Colorate Organizzatore,17.5,0.9,621
"Carioca Baby Crayons 3in1 | Pastelloni Colorati Super Lavabili per Bambini 3 in 1, Matite Colorate e Pastelli a Cera Acquerellabili, Colori Assortiti, 10 Pezzi",14.5,0.9,718
"Astuccio arrotolabile in tela con 108 scomparti, per matite colorate, per studenti artisti, studenti, matite non incluse, Nero , Classico",21.99,0.92,23
Matita colorata Multi-Funzione - STABILO woody 3 in 1 - Astuccio da 6 - Colori assortiti,NOT FOUND,0.92,19613
"AUAUY Set di 10 con 8 Matite Colorate Ciascuna, Gadget Compleanno Bambini, Piccolo Regalo per i Bambini Contro la Noia, Regalini Fine Festa Bambini, Set di Matite Colorate Bambini",7.37,0.9,55
"SANON Astuccio per matite colorate a 4 strati, 72 scomparti, con cerniera, Nero , moda",19.94,0.74,5
"BIC Evolution Stripes, 12 matite con gomma, matite HB media, senza legno e infrangibile",2.54,0.9,1553
"BIC Kids Evolution - Matite colorate cancellabili, confezione da 24",10.86,0.92,260
"Matita Colorate Metalliche, Matite colorate per adulti e bambini,Adatto ai principianti nella pittura12 Colori",7.99,0.88,110
"IGNPION, astuccio multiscomparto per 72 matite colorate, capiente, per ragazzi Black",13.11,0.88,804
"Anyfirst 37 pcs Unicorno Regalo Per Ragazza, Cancelleria per Unicorno Includere Astuccio, Penne Colorate y Matite, Astuccio Unicorno Bambina di 6 7 8 9 10 11 Anni (Rose)",16.99,0.9,552
"FEPITO 62 Stck Matite pieghevoli, 30 Matite colorate flessibili e pieghevoli con 32 gomme carine Riempitivi per sacchetti per feste di compleanno per bambini",8.11,0.82,1748
Castle Art Supplies Set di 120 Matite Colorate di Qualit Oro | Anime a Base dOlio Pi Appuntite e Resistenti alla Rottura | Per Artisti Adulti e Coloristi | In un Cofanetto di Metallo,45.89,0.92,1039
"Castle Art Supplies Set di 72 Matite Colorate con Mine dallAnima Morbida per Artisti, Professionisti e Coloristi Adulti",32.78,0.94,21723
"Bic Kids Matite Colorate, Evolution Ecolutions, Ottime Per La Scuola, Matite Triangolari Per Bambini, Colori Assortiti, 18 Unit, Confezione Da 2",13.61,0.92,3504
"VICHOS 48 Oleosecon Matite colorate Professionali, Pastelli Colorati con Astuccio Arrotolabile, Set Colori Soft Core Premium Colour per Bambini e AdultiGattino",15.89,1.0,1
"Pool Over - Tintauni 040700.02 Pastelli Tinta Unita da 24 Mina, 4 mm",9.43,0.94,786
AYVANBER Astuccio per matite colorate 220 slot Portapenne in gel Borsa organizer impermeabile Borsa per pittura per artisti Astuccio portaoggetti per pennarelli ad acquerello (Verde),20.79,0.94,152
"Eyeshadow Glitter ombretto con glitter e ombretto, set di ombretti, waterproof ombretto, matita a lunga durata, liscia e morbida, 10 colori",13.93,0.7,3485
"Truccabimbi, 12 Body Painting Colori, Face Painting Bambini, Trucchi Truccabimbi, Colori per Pancia Gravidanza Sicuro, per Carnevale e Cosplay, Face Paint Lavabili, Per Bambini per Natale Halloween",13.93,0.88,1076
"Faber-Castell 116612 - Matite colorate cancellabili con punta in gomma, 12 pezzi in scatola di cartone, 1 pz.",5.76,0.92,2453
Ricarica per astuccio 18 + 18 + 2,13.75,0.92,56
"OFFCUP Set Cancelleria Unicorno, 32Pcs Cancelleria per Unicorno, Unicorno per Regalo Bambina, Astuccio con Motivo Unicorno, Penne Colorate, Matite, Quaderni, Adesivi, Bambina Regalo (Unicorno)",11.97,0.86,54
"32 Pezzi Matite Gadget Compleanno Bambini, Matite Animali Colorate Regalo, Matite Gadget Compleanno Pensierini Per Bambini Dopo Regalini Fine Festa Regalini Fine Festa Compleanno",9.42,1.0,1
"Eberhard Faber 514806 - Matite colorate esagonali Colori, in 6 colori, in scatola di cartone, per dipingere, illustrare e disegnare",1.59,0.82,43
"DERAYEE 24 Pezzi Matite con Gomma in Legno,Matite Colorate Gadget Regalini Fine Festa Compleanno per Bambini,Premi Scolastici",8.19,0.92,12
12 Colori Lip Liner Matita Set Alto Pigmentato Impermeabile Naturale Velluto Lip Makeup Matite Morbide Matite di Lunga Durata Opaca Smooth Ultra Fine Lip Liners,10.56,0.84,34
EDATOFLY 72 Slot Matite Astuccio Multifunzione Grande Astuccio Borsa Matite per Ragazzi e Ragazze,13.11,0.9,2452
"AUAUY 12PZ Matita Senza Inchiostro Colorate, Eterna Matita per Scrivere Infinita, Matita Infinita, Matita Eterna con 12 Colori Pennino di Ricambio, per Bambini Adulti Home Office Scolastico",7.0,0.84,1972
"NINGYER 6 Pezzi Scatole Portamatite Impilabili, Scatole Portamatite Traslucide Impilabili con Coperchio, Per Riporre Pennelli, Matite e Materiale Scolastico per Ufficio (3 Colori)",13.93,1.0,4
Awinker 24 Matite con Gomma Colorate Regalino Fine Festa Bambini Compleanno Regalo Premi Scolastici,7.37,0.86,113
"sin4sey - Set di 10 pacchettini di matitine colorate, per bambini, pensierino, per matrimonio, ristorante, in confezione color marrone",9.99,0.9,773
"SagaSave Astuccio per matite colorato 48 Slot Penna Organizzatore con cerniera, per matite colorate e penna gel",12.52,0.86,10
"OFFCUP Set Di Cancelleria per Unicorno, Cancelleria per Regalo Bambina, Regalo Di Compleanno per Bambini, Include Astuccio, Matita, Matita Colorata, Pastello, Gomma, Temperamatite e Taccuino",10.65,0.84,30
"heavenlife 4 Pezzi Scatole Portamatite Impilabili, Astuccio in Plastica con Coperchio, Custodia Penna Traslucide, Colorato Contenitore Multifunzionale per Cancelleria Forniture da Scuola Ufficio Casa",13.11,0.74,13
Matita colorata Multi-Funzione - STABILO woody 3 in 1 - Confezione da 5 - Oro,9.97,0.92,1008
"L'Oral Paris Color Riche Matita Labbra, 630 Cafe De Flore",4.42,0.84,1532
"12 pcs Eyeliner colorati, Matite per trucco Eyeliner waterproof, matita per occhi colorati ad alta pigmentazione antimacchia, regalo da donna per spettacolo di festival",7.37,0.74,46
"APLI - 18060, Matite jumbo fluo, colori assortiti, confezione da 6 pezzi",5.58,0.8,245
"matite arcobaleno, 4 colori in 1 matite colorate arcobaleno per forniture d'arte per bambini, matite multicolore per schizzi, regali per gli studenti (26)",9.99,NOT FOUND,NOT FOUND
NOT FOUND,17.99,0.92,232
"Castle Arts, set di 24 matite colorate, colori perfetti per 'Seascape'. Set di matite da disegno, schizzi, matite da disegno...",17.2,0.92,6716
"Castle Art Supplies Set 120 Matite Colorate con Anima Morbida per Artisti, Professionisti e Coloristi Adulti, in Custodia Cernierata Facile Trasporto",53.27,0.94,11866
"H & B 122 Matite Colorate, Matite Colorate Professionali,Ideale Per Artisti Bambini Adulti Colorare,disegnare",25.4,0.94,342
Castle Art Supplies Set di Matite Colorate in Tinta Pastello | 48 Colori in Tonalit Delicate e Sontuose | Cofanetto di Metallo,28.68,0.94,1360
"Eberhard Faber 514806 - Matite colorate esagonali Colori, in 6 colori, in scatola di cartone, per dipingere, illustrare e disegnare",1.59,0.82,43
"Pool Over - Tintauni 040700.02 Pastelli Tinta Unita da 24 Mina, 4 mm",9.43,0.94,786
"Matita Colorate Metalliche, Matite colorate per adulti e bambini,Adatto ai principianti nella pittura12 Colori",7.99,0.88,110
"H & B 122 Matite Colorate, Matite Colorate Professionali,Ideale Per Artisti Bambini Adulti Colorare,disegnare",25.4,0.94,342
"KALOUR Set di 180 matite colorate per adulti e artisti,ricco pigmento a base di, a base di cera ideale per colorare disegni schizzi sfumature colori vivaci in astuccio di latta",32.78,0.94,1265
"KALOUR set di 72 matite colorate, con nucleo morbido, perfette per disegnare e per creare ombre, ideale come regalo per adulti e principianti, nonch per gli artisti.",13.93,0.92,2394
"KALOUR Matite colorate di alta qualit, set di 120 colori, con nucleo morbido e colori vivaci, ideali per disegnare schizzi, ombreggiature, matite colorate per adulti principianti",NOT FOUND,0.92,2228
"KALOUR Matite colorate professionali, set di 240 colori, con nucleo morbido e colori vivaci, ideali per disegnare schizzi, ombreggiature, matite colorate per adulti, artisti principianti",44.25,0.94,1500
"Faber-Castell 116612 - Matite colorate cancellabili con punta in gomma, 12 pezzi in scatola di cartone, 1 pz.",5.76,0.92,2453
"FEPITO 62 Stck Matite pieghevoli, 30 Matite colorate flessibili e pieghevoli con 32 gomme carine Riempitivi per sacchetti per feste di compleanno per bambini",8.11,0.82,1748
"STAEDTLER Matite colorate Design Journey, blu, altamente pigmentate, mina morbida, legno proveniente da foreste certificate PEFC, classica forma esagonale, 6 matite colorate in scatola pieghevole,",4.98,0.84,9
LEGO cancelleria - pacchetto da 12 matite colorate con cappuccio,12.29,0.88,199
"Faber-Castell 117697 Matita Grafite, Confezione da 6",7.08,0.92,412
"32 Pezzi Matite Gadget Compleanno Bambini, Matite Animali Colorate Regalo, Matite Gadget Compleanno Pensierini Per Bambini Dopo Regalini Fine Festa Regalini Fine Festa Compleanno",9.42,1.0,1
"BIC Evolution Stripes, 12 matite con gomma, matite HB media, senza legno e infrangibile",2.54,0.9,1553
"DERAYEE 24 Pezzi Matite con Gomma in Legno,Matite Colorate Gadget Regalini Fine Festa Compleanno per Bambini,Premi Scolastici",8.19,0.92,12
"AUAUY 12PZ Matita Senza Inchiostro Colorate, Eterna Matita per Scrivere Infinita, Matita Infinita, Matita Eterna con 12 Colori Pennino di Ricambio, per Bambini Adulti Home Office Scolastico",7.0,0.84,1972
"KALOUR set di 72 matite colorate, con nucleo morbido, perfette per disegnare e per creare ombre, ideale come regalo per adulti e principianti, nonch per gli artisti.",13.93,0.92,2394
Castle Art Supplies Set di 48 Matite Colorate dalle Tinte Pastello con Extra | Colori in Tonalit Delicate e Sontuose | Per Professionisti e Artisti Adulti | In Solida Custodia Cernierata da Viaggio,36.88,0.92,634
Castle Art Supplies Set di 120 Matite Colorate di Qualit Oro | Anime a Base dOlio Pi Appuntite e Resistenti alla Rottura | Per Artisti Adulti e Coloristi | In un Cofanetto di Metallo,45.89,0.92,1039
"sin4sey - Set di 10 pacchettini di matitine colorate, per bambini, pensierino, per matrimonio, ristorante, in confezione color marrone",9.99,0.9,773
Matita colorata Multi-Funzione - STABILO woody 3 in 1 - Confezione da 5 - Oro,9.97,0.92,1008
"OFFCUP Set Di Cancelleria per Unicorno, Cancelleria per Regalo Bambina, Regalo Di Compleanno per Bambini, Include Astuccio, Matita, Matita Colorata, Pastello, Gomma, Temperamatite e Taccuino",10.65,0.84,30
Awinker 24 Matite con Gomma Colorate Regalino Fine Festa Bambini Compleanno Regalo Premi Scolastici,7.37,0.86,113
"Vicloon Matita di colore, 20 mini matite alla cera da colorare, idee regalo amici (20 pezzi 11 colori)",7.04,0.82,235
"Koh-I-Noor 5359 - Portamina interamente in metallo, 5,6 mm, con temperino, colore: Argento",10.77,0.9,1801
"GIOTTO Be-b - Barattolo da 12 Pastelloni a Cera Colorati, 12 Colori Assortiti",NOT FOUND,0.88,2472
"Bomtop 32 Pezzi Matite Bambini Matita Ergonomica Triangolare, Topper per Matite per Bambini, Gadget Compleanno Bambini Regalini Fine Festa per Natale",11.99,0.92,137
"BIC 4 Colori, Penna Multicolore con Matita Grafite, Penna a Sfera a Scatto con 3 Inchiostri (Nero, Blu, Rosso) e 1 Matita Meccanica HB, Scuola Cancelleria Ufficio",3.89,0.94,9385
"APLI - 18060, Matite jumbo fluo, colori assortiti, confezione da 6 pezzi",5.58,0.8,245
"Koh-I-Noor S128 - Gessetto da Sarto, 2 Varianti",10.11,0.9,421
"yuechen 30 Matite Triangolari per Bambini,Matite Gadget Compleanno bambini,Animale Topper per Matita divertenti per regalini fine festa compleanno",9.5,0.92,225
"PIQIUQIU Matite per piegare, 30 pezzi Matite per piegare colorate, Matite flessibili per piegare, Matite per piegare, Matita per piegare magica per bambini",6.55,0.74,168
"VICHOS 48 Oleosecon Matite colorate Professionali, Pastelli Colorati con Astuccio Arrotolabile, Set Colori Soft Core Premium Colour per Bambini e AdultiGattino",15.89,1.0,1
"Bic Kids Matite Colorate, Evolution Ecolutions, Ottime Per La Scuola, Matite Triangolari Per Bambini, Colori Assortiti, 18 Unit, Confezione Da 2",13.61,0.92,3504
"Castle Art Supplies Set di 72 Matite Colorate con Mine dallAnima Morbida per Artisti, Professionisti e Coloristi Adulti",32.78,0.94,21723
"matite arcobaleno, 4 colori in 1 matite colorate arcobaleno per forniture d'arte per bambini, matite multicolore per schizzi, regali per gli studenti (26)",9.99,NOT FOUND,NOT FOUND
"Ainiv Colorate Matita Senza Inchiostro, 12Pz Matita Eterna con Gomma, Matita Infinita con 12 Pennini Sostituibili a Colori Extra, per Scrivere Infinita per Studenti Pittore Artista Principianto",9.01,0.8,560
"Pool Over - Tintauni 040700.01 Pastelli Tinta Unita da 18 Mina, 4 mm",8.54,0.94,684
"Pelikan Matita Bicolore Rossa Blu, 4 mm, Impugnatura Ergonomica Triangolare, Matite Colorate Ideali per Scuola, Maestri, Insegnanti e Professori, 2 Pezzi",3.71,0.92,4406
"Faber-Castell 112429 - Matita colorata 2001, FSC 100%, Rosso(Rosso Scarlatto)",1.15,0.9,950
NIPORO 50 matite con gomma legno naturale e matite colorate in diversi colori (bianco),9.01,0.76,13
"Astuccio arrotolabile in tela nera da 12 a 72 scomparti, portapenne in stoffa per matite colorate, penne e pennelli, idea regalo per studenti/adulti",9.83,0.9,100
"lttorjf Matite Gadget Compleanno Bambini con Gomma, Matite del fumetto con Divertente Animale Topper per Regalino, Festa Battesimo, Comunione Regalo, Scolastici (stile casuale) (30)",9.0,0.84,58
"Four Candies 6 Portamine a Pastello da 0,5 mm e 0,7 mm, Matite da Disegno Criterium con 360 Mina HB, 3 Gomme e 9 Ricariche di Gomma, per Disegno e Schizzi",10.99,0.94,5338
"JOPHEK 40 x Matite in Legno del fumetto con Gomma, Divertente Animale Bambini Regalo, Colorate Regalini per Festa Battesimo, Premi Scolastici",8.99,0.8,105
"2 Pezzi Astuccio Arrotolabile er Matite in Tela a 36 Fori, Astuccio Rotolo con Matite Colorate, Custodia per Avvolgere la Matita di Tela,Portamatite Arrotolabile,per Studenti Pennello Pittura Artista",9.01,0.96,9
50 Matite in legno naturale grafite HB (50 pezzi) con gommino colore naturale,7.79,0.9,95
Scatola 12 matite triangolari di colore giallo,5.78,0.9,12
Astuccio Arrotolabile in Tela. Astuccio Scuola per Matite Colorate / Pastelli Tinta Unita o Astuccio Portapenne. Utilizzo anche di Porta Pennelli Pittura o da Trucco. Rotolo Lavabile 48 Fori.Edo,7.61,0.9,122
Maped Pastelli Black Monster X24 Colori,7.86,0.92,1288
"ICEPAPA, 20 Pastelli colorati con 20 trottola bambini, ideali come regalini fine festa bambini e gadget festa compleanno bambini",6.55,0.82,107
SES-Creative 14416 - Gioco My First: Matite Colorate,NOT FOUND,0.82,1292
Scatola 12 matite triangolari di colore ciano,5.93,0.88,14
"Staedtler 185-3 Matita Colorata, 12 Pezzi",3.78,0.88,199
"Spiderman Matite Colorate, Colori assortiti, Matite Colorate e da Disegno, Gadget Compleanno Bambini Set di 12 Matite Colorate, Regalini Fine Festa Bambini, Regalo Scolastico e Pignatta",7.99,0.8,60
"Faber-Castell 110801 - Matite colorate Jumbo Grip, per quaderni e lavagne, colore: Bianco",1.76,0.92,1857
"BIC Matite Grafite a Scatto, Matic Fun, Matite HB da disegno con Gomma, Confezione da 12, Cancelleria Scuola e Ufficio",4.35,0.94,665
"ZIPIT Astuccio Lenny per ragazze | Astuccio per matite di grande capacit | Astuccio per la scuola, l'universit e l'ufficio (rosa)",8.85,0.92,1942
"Pelikan, Matite Grafite, Silverino, 3 Pezzi, Legno, Forma Triangolare Ergonomica, Antiscivolo, Impugnatura Matita Bambini, Prodotto in Germania",2.22,0.92,165
"Castle Art Supplies Set 72 Matite Acquerellabili | Pigmenti Vibranti per Mescolanze, Disegni e Dipinti | Per Professionisti e Hobbisti Adulti",35.24,0.94,8199
NOT FOUND,13.61,0.92,3504
"Castle Arts, set di 24 matite colorate, colori perfetti per 'Seascape'. Set di matite da disegno, schizzi, matite da disegno...",17.2,0.92,6716
"Castle Art Supplies Set 120 Matite Colorate con Anima Morbida per Artisti, Professionisti e Coloristi Adulti, in Custodia Cernierata Facile Trasporto",53.27,0.94,11866
"H & B 122 Matite Colorate, Matite Colorate Professionali,Ideale Per Artisti Bambini Adulti Colorare,disegnare",25.4,0.94,342
Castle Art Supplies Set di Matite Colorate in Tinta Pastello | 48 Colori in Tonalit Delicate e Sontuose | Cofanetto di Metallo,28.68,0.94,1360
"Pelikan, Matite Grafite, Silverino, 3 Pezzi, Legno, Forma Triangolare Ergonomica, Antiscivolo, Impugnatura Matita Bambini, Prodotto in Germania",2.22,0.92,165
"Pastelli Mitama Laccato Tondo Fluo, mina 3.3, in Pet Box 12 pz.",NOT FOUND,0.86,6
"BIC Evolution Triangle, Matite HB2 Con Fusto Triangolare, Mina Resistente ed Antirottura, Prodotte Senza Legno, 12 Unit",1.75,0.9,3813
"Zenacolor - 160 Matite Colorate Professionali, con Scatola - Pastelli Colorati Set di 160 Colori Unici - Disegno, Schizzo, Colorazione - Per Adulti o Bambini",NOT FOUND,0.94,7005
"H & B 122 Matite Colorate, Matite Colorate Professionali,Ideale Per Artisti Bambini Adulti Colorare,disegnare",25.4,0.94,342
"KALOUR set di 72 matite colorate, con nucleo morbido, perfette per disegnare e per creare ombre, ideale come regalo per adulti e principianti, nonch per gli artisti.",13.93,0.92,2394
"Castle Art Supplies Set 72 Matite Acquerellabili | Pigmenti Vibranti per Mescolanze, Disegni e Dipinti | Per Professionisti e Hobbisti Adulti",35.24,0.94,8199
"KALOUR Matite colorate di alta qualit, set di 120 colori, con nucleo morbido e colori vivaci, ideali per disegnare schizzi, ombreggiature, matite colorate per adulti principianti",NOT FOUND,0.92,2228
"Rimmel London Lasting Finish Matita Labbra, Lunga Durata e Colore Intenso, 705 Cappuccino, 1.2 g",4.42,0.88,8221
"Herlitz Serie Fancy 1 Temperamatite, Ergonomico con Contenitore, Temperino Doppio, Per Matite, Pastelli Jumbo e Triangolari, Colori Variabili, Prodotto in Germania",2.36,0.86,2255
"MUSCCCM Matite Trucco, 28 Colori del trucchi halloween bambini per Trucchi Bambina/Bambini Sicuro e Non Tossico, per Truccabimbi per Bambini Carnevale, Pasqua, Halloween, Cosplay",4.58,0.76,790
"Max Factor, Colour Elixir Lip Liner, Matita Labbra Lunga Durata, Colore Intenso, 30 Mauve Moment",4.88,0.84,2550
"Maybelline New York Matita Labbra Color Sensational Shaping Lip Liner, Automatica, Labbra Scolpite, Palest Pink (60), 0,3 g",NOT FOUND,0.84,4528
"Essence AEB0B - Matita occhi Lunga tenuta, Verde (12 I have a green), 1 Pezzo",1.68,0.9,5036
"ARDFFA Matite Colorate Arcobaleno 20 Pezzi - 4 In 1 Matite Arcobaleno Per Ragazzi E Ragazze Per Dipingere, Scarabocchiare, Arte - Regalo Per Bambini Per Compleanni, Scuola, Festa Dei Bambini, Natale",8.99,NOT FOUND,NOT FOUND
"Idena 20134-Pastelli in 12 Colori, matite Colorate in Legno FSC a Forma Triangolare ergonomica, confezionate in Astuccio di Cartone, 20134",2.21,0.88,14
tvfly Matite Colorate Acquerellabili Multicolore,21.99,0.94,5963
Castle Art Supplies Set di 48 Matite Colorate dalle Tinte Pastello con Extra | Colori in Tonalit Delicate e Sontuose | Per Professionisti e Artisti Adulti | In Solida Custodia Cernierata da Viaggio,36.88,0.92,634
"KALOUR set di 72 matite colorate, con nucleo morbido, perfette per disegnare e per creare ombre, ideale come regalo per adulti e principianti, nonch per gli artisti.",13.93,0.92,2394
Castle Art Supplies Set di 120 Matite Colorate di Qualit Oro | Anime a Base dOlio Pi Appuntite e Resistenti alla Rottura | Per Artisti Adulti e Coloristi | In un Cofanetto di Metallo,45.89,0.92,1039
KIKO Milano Everlasting Colour Precision Lip Liner 505 | Matita Automatica Contorno Labbra,7.97,0.92,7
"50 PCS Matite del fumetto con Gomma, Gadget Compleanno Bambini Matite di Legno Matite Grafite Colorate Regalino per Bambina Bambino Festa Battesimo Comunione Regalo",13.11,0.9,26
"Paper Mate Flair Penna, Punta Media da 1.1 mm, Nero, Scatola da 12",5.31,0.92,7064
"10 scatole di matite colorate, 1 gomma, mini set da colorare, 6 matite colorate per disegnare per bambini, regalo di compleanno per bambini, adatto per asilo, casa, scuola (6 pezzi)",13.13,0.78,33
"Carioca Pastelli Maxi Wax, Pastelli a Cera Lavabili con Punta Grossa per Bambini, Morbidi e Scorrevoli, in 24 Colori Assortiti e Brillanti, Facili da Temperare, 50 Pezzi",9.3,0.88,510
"Faber-Castell 201597 - Set di Pastelli Triangolari Colour Grip, 24 Pezzi, Matite Incluse, per Bambini e Adulti",NOT FOUND,0.9,349
"Seven Set Matite Colorate - Scatola da 12 pz - Confezione Pastelli Colorati - Matite Colorate Scuola, Ufficio - Pastelli MINA 4.0 - Spazio Etichetta Nome - Matite Scuola, Pastelli Scuola",6.64,0.94,7
"2 Pezzi Astuccio Arrotolabile er Matite in Tela a 36 Fori, Astuccio Rotolo con Matite Colorate, Custodia per Avvolgere la Matita di Tela,Portamatite Arrotolabile,per Studenti Pennello Pittura Artista",9.01,0.96,9
"L'Oral Paris Color Riche Le Khol Matita Occhi, 101 Midnight Black",7.98,0.86,2264
"Mengxin 6 Pcs Rossetto Matte Lunga Durata Opaco Matite Labbra Impermeabile, Lucidalabbra Waterproof Lipstick Matte Trucco per Regalo di Compleanno per Donna Ragazze (Colorato B)",8.11,0.82,1077
"Giotto 276700  Confezione di 24 matite, Multicolore",8.0,0.88,144
"Sitovely 12 colori Set di Matite per labbra Sottile, Lip Liner Pencil Set, Matita labbra cremosa e liscia, Rossetto opaco, Penna per labbra impermeabile, Natural Lip Pen Makeup",8.19,0.82,17
Partituki 30 Scatole da 6 Mini Matite Colorate. Non Tossico. Scatole Kraft Lisce. Include 1 Taccuino Singolo,19.61,0.9,120
"VICHOS 48 Oleosecon Matite colorate Professionali, Pastelli Colorati con Astuccio Arrotolabile, Set Colori Soft Core Premium Colour per Bambini e AdultiGattino",15.89,1.0,1
"BIC, Cristal Multicolour, Penna Sfera Colorate, Punta Larga 1.6mm, Cancelleria Scrittura Scuola, Universit e Ufficio, Confezione da 20 Unit",7.96,0.92,13710
"matite arcobaleno, 4 colori in 1 matite colorate arcobaleno per forniture d'arte per bambini, matite multicolore per schizzi, regali per gli studenti (26)",9.99,NOT FOUND,NOT FOUND
"Castle Art Supplies Set di 72 Matite Colorate con Mine dallAnima Morbida per Artisti, Professionisti e Coloristi Adulti",32.78,0.94,21723
"Gadget Compleanno Bambini Partituki. Set di Pastelli a Cera Coloranti, Ognuno con 6 Pastelli. Ideale per Regalini Fine Festa Bambini e Pignatta (Pack 10)",11.07,0.92,219
"Set di 12 colori Kajal, set di matite colorate per eyeliner, Kajal Liner, set completo, colorato e impermeabile, per transizioni morbide per linee precise e sottili",6.55,0.74,12
"BIC Intensity, Matite Colorate per Adulti, Fusto Tondo, Colori Brillanti e Intensi, 12 Unit",5.88,0.88,112
"12 Colori Matita Labbra Set, Lucidalabbra Opaco Vellutato Facile da Usare, Impermeabile Lip Liner Naturale a Lunga Tenuta, Waterproof Matte Lip Crayon",8.29,0.74,13
"12 pezzi matita arcobaleno, matite colorate arcobaleno, matite colorate 7 in 1 per adulti, matite multicolori per arte, disegno, colorazione, schizzi",6.96,0.9,53
"Naturaverde | BIO Make Up - Matita Occhi Viola in Materiale Biologico, Matite Occhi Colorate, Matita per Occhi, Trucco Donna, Trucco Occhi, Cosmetics, N04",4.35,0.82,219
"Faber-Castell 110312 Matita Colorata, 12 Pezzi",6.73,0.9,928
Matita colorata triangolare - STABILO Trio thick - Zebrui Astuccio da 15 - Colori assortiti,8.77,0.94,317
"YJYHART 24 Matite Colorate da Disegno,Set Di Colori Ad Acquerello,12 Colori,Tubetti Da 12ml,12 Matite per Schizzi e Disegni in Custodia con Cerniera,Kit per Acquerelli per Artisti",15.57,0.92,119
"Hello Kitty Matite Colorate Bambini, 12PCS Colori Bambini 2 Anni e Oltre, Sanrio Hello Kitty Kit Disegno, Matite Colorate per Disegnare, Festa Bambini, Regalo",9.01,1.0,2
MAPED Pastelli Strong Color Peps 12 Col,7.54,0.9,7290
Caran dAche Swisscolor 30 Colori luminosi e intensi Permanenti resistenti all'acqua,26.99,0.9,33
"Deborah Milano - Matita Labbra 2 in 1 Gel Contour&Color, 03 Dusty Pink, Finish ad Alta Pigmentazione e Ultra-Scorrevole, Waterproof e a Lunga Durata, Dona Intensit e Definizione, 1.3 gr",6.55,0.82,141
Giotto Supermina - Matite pastello 12 pezzi,NOT FOUND,0.9,88
"Rdlobu Set di 60 matite in legno HB, matite per bambini, studenti, insegnanti, ufficio, materiale scolastico, disegno, scrittura",9.49,NOT FOUND,NOT FOUND
"Matite Colorate Professionali Artistico Kit per Schizzo e Disegno, Set da 78 pezzi di matite da disegno in un astuccio con zip, Kit Disegno Set Artista per Principianti Bambini Adulti",NOT FOUND,0.92,249
"Deborah Milano - Matita Labbra BIO Formula Pura - Colore: Nude Beige n.01 - ipoallergenica, per labbra sensibili, con il 100% di ingredienti di origine naturale",7.05,0.86,18
Matita colorata acquarellabile - STABILOaquacolor - Confezione da 12 - Rosa,4.93,0.9,3
STAEDTLER Design Journey 146C C72 confezione da 72 matite colorate assortite,21.4,0.92,1316
"Fluorescenti Matite Trucco Viso e Corpo, 12 Colori Truccabimbi Viso, Trucco Neon UV Face Paint, Body Painting Colori per Pancia Gravidanza, Trucchi Fluo Party Neon Glow Fluo per Halloween Carnevale",11.98,0.82,13
Fibracolor Mat Super astuccio 24 pastelli colorati in legno esagonale punta media,10.54,0.96,7
"HIFORNY 10 matite colorate a carboncino per disegnare, colore nero e bianco, per schizzi, ombreggiature, sfumature, ritratti, ideali per principianti e artisti",11.47,0.9,331
"Staedtler 185-2 Matita Colorata, 12 Pezzi",9.72,0.94,155
"Bic Kids Matite Colorate, Colori Per Bambini A Casa E A Scuola, Multicolore, 24 Unit (Confezione da 1)",7.95,0.9,12260
NOT FOUND,17.99,0.92,232
"Castle Art Supplies Set 120 Matite Colorate con Anima Morbida per Artisti, Professionisti e Coloristi Adulti, in Custodia Cernierata Facile Trasporto",53.27,0.94,11866
"Castle Arts, set di 24 matite colorate, colori perfetti per 'Seascape'. Set di matite da disegno, schizzi, matite da disegno...",17.2,0.92,6716
"H & B 122 Matite Colorate, Matite Colorate Professionali,Ideale Per Artisti Bambini Adulti Colorare,disegnare",25.4,0.94,342
Castle Art Supplies Set di Matite Colorate in Tinta Pastello | 48 Colori in Tonalit Delicate e Sontuose | Cofanetto di Metallo,28.68,0.94,1360
"BIC Intensity, Matite Colorate per Adulti, Fusto Tondo, Colori Brillanti e Intensi, 12 Unit",5.88,0.88,112
"12 Colori Matita Labbra Set, Lucidalabbra Opaco Vellutato Facile da Usare, Impermeabile Lip Liner Naturale a Lunga Tenuta, Waterproof Matte Lip Crayon",8.29,0.74,13
"12 pezzi matita arcobaleno, matite colorate arcobaleno, matite colorate 7 in 1 per adulti, matite multicolori per arte, disegno, colorazione, schizzi",6.96,0.9,53
"H & B 122 Matite Colorate, Matite Colorate Professionali,Ideale Per Artisti Bambini Adulti Colorare,disegnare",25.4,0.94,342
"KALOUR Set di 180 matite colorate per adulti e artisti,ricco pigmento a base di, a base di cera ideale per colorare disegni schizzi sfumature colori vivaci in astuccio di latta",32.78,0.94,1265
"KALOUR set di 72 matite colorate, con nucleo morbido, perfette per disegnare e per creare ombre, ideale come regalo per adulti e principianti, nonch per gli artisti.",13.93,0.92,2394
"KALOUR Matite colorate di alta qualit, set di 120 colori, con nucleo morbido e colori vivaci, ideali per disegnare schizzi, ombreggiature, matite colorate per adulti principianti",NOT FOUND,0.92,2228
"KALOUR Matite colorate professionali, set di 240 colori, con nucleo morbido e colori vivaci, ideali per disegnare schizzi, ombreggiature, matite colorate per adulti, artisti principianti",44.25,0.94,1500
KIKO Milano Creamy Colour Comfort Lip Liner 21 | Matita Labbra A Lunga Tenuta,6.19,0.9,235
"Faber-Castell 110312 Matita Colorata, 12 Pezzi",6.73,0.9,928
Matita colorata triangolare - STABILO Trio thick - Zebrui Astuccio da 15 - Colori assortiti,8.77,0.94,317
"YJYHART 24 Matite Colorate da Disegno,Set Di Colori Ad Acquerello,12 Colori,Tubetti Da 12ml,12 Matite per Schizzi e Disegni in Custodia con Cerniera,Kit per Acquerelli per Artisti",15.57,0.92,119
"Hello Kitty Matite Colorate Bambini, 12PCS Colori Bambini 2 Anni e Oltre, Sanrio Hello Kitty Kit Disegno, Matite Colorate per Disegnare, Festa Bambini, Regalo",9.01,1.0,2
MAPED Pastelli Strong Color Peps 12 Col,7.54,0.9,7290
Caran dAche Swisscolor 30 Colori luminosi e intensi Permanenti resistenti all'acqua,26.99,0.9,33
"Matite Colorate Professionali Artistico Kit per Schizzo e Disegno, Set da 78 pezzi di matite da disegno in un astuccio con zip, Kit Disegno Set Artista per Principianti Bambini Adulti",NOT FOUND,0.92,249
"Deborah Milano - Matita Labbra 2 in 1 Gel Contour&Color, 03 Dusty Pink, Finish ad Alta Pigmentazione e Ultra-Scorrevole, Waterproof e a Lunga Durata, Dona Intensit e Definizione, 1.3 gr",6.55,0.82,141
"Bic Kids Matite Colorate, Evolution Ecolutions, Ottime Per La Scuola, Matite Triangolari Per Bambini, Colori Assortiti, 18 Unit, Confezione Da 2",13.61,0.92,3504
Castle Art Supplies Set di 48 Matite Colorate dalle Tinte Pastello con Extra | Colori in Tonalit Delicate e Sontuose | Per Professionisti e Artisti Adulti | In Solida Custodia Cernierata da Viaggio,36.88,0.92,634
Castle Art Supplies Set di 120 Matite Colorate di Qualit Oro | Anime a Base dOlio Pi Appuntite e Resistenti alla Rottura | Per Artisti Adulti e Coloristi | In un Cofanetto di Metallo,45.89,0.92,1039
Giotto Supermina - Matite pastello 12 pezzi,NOT FOUND,0.9,88
"Rdlobu Set di 60 matite in legno HB, matite per bambini, studenti, insegnanti, ufficio, materiale scolastico, disegno, scrittura",9.49,NOT FOUND,NOT FOUND
"Deborah Milano - Matita Labbra BIO Formula Pura - Colore: Nude Beige n.01 - ipoallergenica, per labbra sensibili, con il 100% di ingredienti di origine naturale",7.05,0.86,18
Matita colorata acquarellabile - STABILOaquacolor - Confezione da 12 - Rosa,4.93,0.9,3
STAEDTLER Design Journey 146C C72 confezione da 72 matite colorate assortite,21.4,0.92,1316
"Fluorescenti Matite Trucco Viso e Corpo, 12 Colori Truccabimbi Viso, Trucco Neon UV Face Paint, Body Painting Colori per Pancia Gravidanza, Trucchi Fluo Party Neon Glow Fluo per Halloween Carnevale",11.98,0.82,13
"KALOUR set di 72 matite colorate, con nucleo morbido, perfette per disegnare e per creare ombre, ideale come regalo per adulti e principianti, nonch per gli artisti.",13.93,0.92,2394
"VICHOS 48 Oleosecon Matite colorate Professionali, Pastelli Colorati con Astuccio Arrotolabile, Set Colori Soft Core Premium Colour per Bambini e AdultiGattino",15.89,1.0,1
"matite arcobaleno, 4 colori in 1 matite colorate arcobaleno per forniture d'arte per bambini, matite multicolore per schizzi, regali per gli studenti (26)",9.99,NOT FOUND,NOT FOUND
"Castle Art Supplies Set 72 Matite Acquerellabili | Pigmenti Vibranti per Mescolanze, Disegni e Dipinti | Per Professionisti e Hobbisti Adulti",35.24,0.94,8199
"Castle Art Supplies Set di 72 Matite Colorate con Mine dallAnima Morbida per Artisti, Professionisti e Coloristi Adulti",32.78,0.94,21723
NOT FOUND,7.95,0.9,12260
